{
  "format_version": [1, 1, 0],
  "plutonium:wooden_drawer": {
    "textures": {
      "down" : "wooden_drawer",
      "east" : "wooden_drawer",
      "north" : "wooden_drawer",
      "south" : "wooden_drawer",
      "up" : "wooden_drawer",
      "west" : "wooden_drawer"
    },
    "sound": "wood"
  },
  "plutonium:stone_drawer": {
    "textures": {
      "down" : "stone_drawer",
      "east" : "stone_drawer",
      "north" : "stone_drawer",
      "south" : "stone_drawer",
      "up" : "stone_drawer",
      "west" : "stone_drawer"
    },
    "sound": "wood"
  },
  "plutonium:iron_drawer": {
    "textures": {
      "down" : "iron_drawer",
      "east" : "iron_drawer",
      "north" : "iron_drawer",
      "south" : "iron_drawer",
      "up" : "iron_drawer",
      "west" : "iron_drawer"
    },
    "sound": "wood"
  },
  "plutonium:diamond_drawer": {
    "textures": {
      "down" : "diamond_drawer",
      "east" : "diamond_drawer",
      "north" : "diamond_drawer",
      "south" : "diamond_drawer",
      "up" : "diamond_drawer",
      "west" : "diamond_drawer"
    },
    "sound": "wood"
  },
  "plutonium:opalite_drawer": {
    "textures": {
      "down" : "opalite_drawer",
      "east" : "opalite_drawer",
      "north" : "opalite_drawer",
      "south" : "opalite_drawer",
      "up" : "opalite_drawer",
      "west" : "opalite_drawer"
    },
    "sound": "wood"
  },
  "plutonium:plutonium_drawer": {
    "textures": {
      "down" : "plutonium_drawer",
      "east" : "plutonium_drawer",
      "north" : "plutonium_drawer",
      "south" : "plutonium_drawer",
      "up" : "plutonium_drawer",
      "west" : "plutonium_drawer"
    },
    "sound": "wood"
  },
  "smoker" : {
    "sound" : "stone",
    "textures" : {
      "down" : "opalite_furnace_top",
      "east" : "opalite_furnace_side",
      "north" : "opalite_furnace_side",
      "south" : "opalite_furnace_front_off",
      "up" : "opalite_furnace_top",
      "west" : "opalite_furnace_side"
    }
  },
  "lit_smoker" : {
    "sound" : "stone",
    "textures" : {
      "down" : "opalite_furnace_top",
      "east" : "opalite_furnace_front_on",
      "north" : "opalite_furnace_side",
      "south" : "opalite_furnace_side",
      "up" : "opalite_furnace_top",
      "west" : "opalite_furnace_side"
    }
  },
  "blast_furnace" : {
    "sound" : "stone",
    "textures" : {
      "down" : "plutonium_furnace_top",
      "east" : "plutonium_furnace_side",
      "north" : "plutonium_furnace_side",
      "south" : "plutonium_furnace_front_off",
      "up" : "plutonium_furnace_top",
      "west" : "plutonium_furnace_side"
    }
  },
  "lit_blast_furnace" : {
    "sound": "stone",
    "textures" : {
      "down" : "plutonium_furnace_top",
      "east" : "plutonium_furnace_front_on",
      "north" : "plutonium_furnace_side",
      "south" : "plutonium_furnace_side",
      "up" : "plutonium_furnace_top",
      "west" : "plutonium_furnace_side"
    }
  },
  "plutonium:golem_heart" : {
    "sound" : "stone",
    "textures" : "golem_heart"
  },
  "plutonium:golem_heart_0" : {
    "sound" : "stone",
    "textures" : "golem_heart"
  },
  "plutonium:golem_heart_1" : {
    "sound" : "stone",
    "textures" : "golem_heart_with_gem"
  },
  "plutonium:golem_head" : {
    "sound" : "stone",
    "textures" : {
      "down" : "golem_head_down",
      "east" : "golem_head_right",
      "north" : "golem_head_behind",
      "south" : "golem_head_front",
      "up" : "golem_head_up",
      "west" : "golem_head_left"
    }
  },
  "plutonium:golem_head_0" : {
    "sound" : "stone",
    "textures" : {
      "down" : "golem_head_down",
      "east" : "golem_head_right",
      "north" : "golem_head_behind",
      "south" : "golem_head_front",
      "up" : "golem_head_up",
      "west" : "golem_head_left"
    }
  },
  "plutonium:golem_head_1" : {
    "sound" : "stone",
    "textures" : {
      "down" : "golem_head_down",
      "east" : "golem_head_left",
      "north" : "golem_head_right",
      "south" : "golem_head_behind",
      "up" : "golem_head_up",
      "west" : "golem_head_front"
    }
  },
  "plutonium:golem_head_2" : {
    "sound" : "stone",
    "textures" : {
      "down" : "golem_head_down",
      "east" : "golem_head_right",
      "north" : "golem_head_behind",
      "south" : "golem_head_front",
      "up" : "golem_head_up",
      "west" : "golem_head_left"
    }
  },
  "plutonium:golem_head_3" : {
    "sound" : "stone",
    "textures" : {
      "down" : "golem_head_down",
      "east" : "golem_head_left",
      "north" : "golem_head_right",
      "south" : "golem_head_behind",
      "up" : "golem_head_up",
      "west" : "golem_head_front"
    }
  },
  "plutonium:golem_head_4" : {
    "sound" : "stone",
    "textures" : {
      "down" : "golem_head_down",
      "east" : "golem_head_front",
      "north" : "golem_head_left",
      "south" : "golem_head_right",
      "up" : "golem_head_up",
      "west" : "golem_head_behind"
    }
  },
  "plutonium:golem_head_5" : {
    "sound" : "stone",
    "textures" : {
      "down" : "golem_head_down",
      "east" : "golem_head_behind",
      "north" : "golem_head_front",
      "south" : "golem_head_left",
      "up" : "golem_head_up",
      "west" : "golem_head_right"
    }
  },
  "plutonium:opalite_ore": {
    "textures": "opalite_ore",
    "sound": "stone"
  },
  "plutonium:random_ore": {
    "textures": "random_ore",
    "sound": "stone"
  },
  "plutonium:zephir_ore": {
    "textures": "zephir_ore",
    "sound": "stone"
  },
  "plutonium:opalite_plant" : {
    "sound" : "grass",
    "textures" : "opalite_plant"
  },
  "plutonium:opalite_plant__1" : {
    "sound" : "grass",
    "textures" : "opalite_plant_1"
  },
  "plutonium:opalite_plant__2" : {
    "sound" : "grass",
    "textures" : "opalite_plant_2"
  },
  "plutonium:opalite_plant__3" : {
    "sound" : "grass",
    "textures" : "opalite_plant_3"
  },
  "plutonium:plutonium_plant" : {
    "sound" : "grass",
    "textures" : "plutonium_plant_0"
  },
  "plutonium:plutonium_plant__1" : {
    "sound" : "grass",
    "textures" : "plutonium_plant_1"
  },
  "plutonium:plutonium_plant__2" : {
    "sound" : "grass",
    "textures" : "plutonium_plant_2"
  },
  "plutonium:plutonium_plant__3" : {
    "sound" : "grass",
    "textures" : "plutonium_plant_3"
  },
  "plutonium:tnt_lvl02" : {
    "sound" : "grass",
    "textures" : {
      "down" : "tnt_lvl2_bottom",
      "side" : "tnt_lvl2_side",
      "up" : "tnt_lvl2_top"
    }
  },
  "plutonium:tnt_lvl03" : {
    "sound" : "grass",
    "textures" : {
      "down" : "tnt_lvl3_bottom",
      "side" : "tnt_lvl3_side",
      "up" : "tnt_lvl3_top"
    }
  },
  "plutonium:tnt_lvl04" : {
    "sound" : "grass",
    "textures" : {
      "down" : "tnt_lvl4_bottom",
      "side" : "tnt_lvl4_side",
      "up" : "tnt_lvl4_top"
    }
  },
  "plutonium:tnt_lvl05" : {
    "sound" : "grass",
    "textures" : {
      "down" : "tnt_lvl5_bottom",
      "side" : "tnt_lvl5_side",
      "up" : "tnt_lvl5_top"
    }
  },
  "plutonium:tnt_lvl06" : {
    "sound" : "grass",
    "textures" : {
      "down" : "tnt_lvl6_bottom",
      "side" : "tnt_lvl6_side",
      "up" : "tnt_lvl6_top"
    }
  },
  "plutonium:tnt_lvl07" : {
    "sound" : "grass",
    "textures" : {
      "down" : "tnt_lvl7_bottom",
      "side" : "tnt_lvl7_side",
      "up" : "tnt_lvl7_top"
    }
  },
  "plutonium:tnt_lvl08" : {
    "sound" : "grass",
    "textures" : {
      "down" : "tnt_lvl8_bottom",
      "side" : "tnt_lvl8_side",
      "up" : "tnt_lvl8_top"
    }
  },
  "plutonium:tnt_lvl09" : {
    "sound" : "grass",
    "textures" : {
      "down" : "tnt_lvl9_bottom",
      "side" : "tnt_lvl9_side",
      "up" : "tnt_lvl9_top"
    }
  },
  "plutonium:block_effect": {
    "textures": "block_effect",
    "sound": "stone"
  },
  "plutonium:cave_block": {
    "textures": "cave_block",
    "sound": "glass"
  },
  "plutonium:decrafteur": {
    "textures": "decrafteur",
    "sound": "stone"
  },
  "plutonium:elevator": {
    "textures": "elevator",
    "sound": "stone"
  },
  "plutonium:classic_lucky_block": {
    "textures": "lucky_block",
    "sound": "grass"
  },
  "plutonium:opalite_block": {
    "textures": "opalite_block",
    "sound": "stone"
  },
  "plutonium:plutonium_block": {
    "textures": "plutonium_block",
    "sound": "stone"
  },
  "plutonium:zephir_block": {
    "textures": "zephir_block",
    "sound": "stone"
  },
  "plutonium:upgraded_obsidian": {
    "textures": "upgraded_obsidian",
    "sound": "stone"
  },
  "plutonium:totem_block": {
    "textures": "totem_block",
    "sound": "stone"
  },
  "plutonium:obsidian_state_1": {
    "textures": "obsidian_state_1",
    "sound": "stone"
  },
  "plutonium:obsidian_state_2": {
    "textures": "obsidian_state_2",
    "sound": "stone"
  },
  "plutonium:obsidian_state_3": {
    "textures": "obsidian_state_3",
    "sound": "stone"
  },
  "plutonium:obsidian_state_4": {
    "textures": "obsidian_state_4",
    "sound": "stone"
  },
  "plutonium:lucky_trophee": {
    "textures": "lucky_trophee",
    "sound": "stone"
  }

}