{
	"resource_pack_name": "PlutoniumRPV4",
	"texture_name": "atlas.items",
	"texture_data": {
		"farm_helmet": {
			"textures": "textures/items/armors/farm/farm_helmet"
		},
		"farm_chestplate": {
			"textures": "textures/items/armors/farm/farm_chestplate"
		},
		"farm_leggings": {
			"textures": "textures/items/armors/farm/farm_leggings"
		},
		"farm_boots": {
			"textures": "textures/items/armors/farm/farm_boots"
		},
		"opalite_helmet": {
			"textures": "textures/items/armors/opalite/opalite_helmet"
		},
		"opalite_chestplate": {
			"textures": "textures/items/armors/opalite/opalite_chestplate"
		},
		"opalite_leggings": {
			"textures": "textures/items/armors/opalite/opalite_leggings"
		},
		"opalite_boots": {
			"textures": "textures/items/armors/opalite/opalite_boots"
		},
		"plutonium_helmet": {
			"textures": "textures/items/armors/plutonium/plutonium_helmet"
		},
		"plutonium_chestplate": {
			"textures": "textures/items/armors/plutonium/plutonium_chestplate"
		},
		"plutonium_leggings": {
			"textures": "textures/items/armors/plutonium/plutonium_leggings"
		},
		"plutonium_boots": {
			"textures": "textures/items/armors/plutonium/plutonium_boots"
		},
		"lucky_helmet": {
			"textures": "textures/items/armors/lucky/lucky_helmet"
		},
		"lucky_chestplate": {
			"textures": "textures/items/armors/lucky/lucky_chestplate"
		},
		"lucky_leggings": {
			"textures": "textures/items/armors/lucky/lucky_leggings"
		},
		"lucky_boots": {
			"textures": "textures/items/armors/lucky/lucky_boots"
		},
		"hood_helmet": {
			"textures": "textures/items/armors/others/hood_helmet"
		},
		"scuba_helmet": {
			"textures": "textures/items/armors/others/scuba_helmet"
		},
		"opalite_bow": {
			"textures": "textures/items/bows/opalite/opalite_bow"
		},
		"opalite_bow_pulling_0": {
			"textures": "textures/items/bows/opalite/opalite_bow_pulling_0"
		},
		"opalite_bow_pulling_1": {
			"textures": "textures/items/bows/opalite/opalite_bow_pulling_1"
		},
		"opalite_bow_pulling_2": {
			"textures": "textures/items/bows/opalite/opalite_bow_pulling_2"
		},
		"plutonium_bow": {
			"textures": "textures/items/bows/plutonium/plutonium_bow"
		},
		"plutonium_bow_pulling_0": {
			"textures": "textures/items/bows/plutonium/plutonium_bow_pulling_0"
		},
		"plutonium_bow_pulling_1": {
			"textures": "textures/items/bows/plutonium/plutonium_bow_pulling_1"
		},
		"plutonium_bow_pulling_2": {
			"textures": "textures/items/bows/plutonium/plutonium_bow_pulling_2"
		},
		"industrial_carrot": {
			"textures": "textures/items/foods/industrial_carrot"
		},
		"industrial_potato": {
			"textures": "textures/items/foods/industrial_potato"
		},
		"industrial_wheat": {
			"textures": "textures/items/foods/industrial_wheat"
		},
		"opalite_apple": {
			"textures": "textures/items/foods/opalite_apple"
		},
		"vote_key": {
			"textures": "textures/items/keys/vote_key"
		},
		"common_key": {
			"textures": "textures/items/keys/common_key"
		},
		"opalite_key": {
			"textures": "textures/items/keys/opalite_key"
		},
		"plutonium_key": {
			"textures": "textures/items/keys/plutonium_key"
		},
		"clesucre_key": {
			"textures": "textures/items/keys/clesucre_key"
		},
		"supreme_key": {
			"textures": "textures/items/keys/supreme_key"
		},
		"opalite_ingot": {
			"textures": "textures/items/ores/opalite_ingot"
		},
		"plutonium_dust": {
			"textures": "textures/items/ores/plutonium_dust"
		},
		"plutonium_fragment": {
			"textures": "textures/items/ores/plutonium_fragment"
		},
		"plutonium_ingot": {
			"textures": "textures/items/ores/plutonium_ingot"
		},
		"zephir": {
			"textures": "textures/items/ores/zephir"
		},
		"opalite_seed": {
			"textures": "textures/items/seeds/opalite_seed"
		},
		"plutonium_seed": {
			"textures": "textures/items/seeds/plutonium_seed"
		},
		"clean_stick": {
			"textures": "textures/items/sticks/clean_stick"
		},
		"feed_stick": {
			"textures": "textures/items/sticks/feed_stick"
		},
		"heal_stick": {
			"textures": "textures/items/sticks/heal_stick"
		},
		"royal_sceptre": {
			"textures": "textures/items/sticks/royal_sceptre"
		},
		"speed_stick": {
			"textures": "textures/items/sticks/speed_stick"
		},
		"opalite_axe": {
			"textures": "textures/items/tools/axes/opalite_axe"
		},
		"plutonium_axe": {
			"textures": "textures/items/tools/axes/plutonium_axe"
		},
		"opalite_hammer": {
			"textures": "textures/items/tools/hammers/opalite_hammer"
		},
		"plutonium_hammer": {
			"textures": "textures/items/tools/hammers/plutonium_hammer"
		},
		"opalite_hoe": {
			"textures": "textures/items/tools/hoes/opalite_hoe"
		},
		"plutonium_hoe": {
			"textures": "textures/items/tools/hoes/plutonium_hoe"
		},
		"opalite_pickaxe": {
			"textures": "textures/items/tools/pickaxes/opalite_pickaxe"
		},
		"plutonium_pickaxe": {
			"textures": "textures/items/tools/pickaxes/plutonium_pickaxe"
		},
		"opalite_shovel": {
			"textures": "textures/items/tools/shovels/opalite_shovel"
		},
		"plutonium_shovel": {
			"textures": "textures/items/tools/shovels/plutonium_shovel"
		},
		"opalite_sword": {
			"textures": "textures/items/tools/swords/opalite_sword"
		},
		"plutonium_sword": {
			"textures": "textures/items/tools/swords/plutonium_sword"
		},
		"farm_spade": {
			"textures": "textures/items/tools/others/farm_spade"
		},
		"obsi_breaker": {
			"textures": "textures/items/tools/others/obsi_breaker"
		},
		"replanter": {
			"textures": "textures/items/tools/others/replanter"
		},
		"seed_planter": {
			"textures": "textures/items/tools/others/seed_planter"
		},
		"billet": {
			"textures": "textures/items/others/billet"
		},
		"blue_unclaim_finder": {
			"textures": "textures/items/others/blue_unclaim_finder"
		},
		"brouilleur": {
			"textures": "textures/items/others/brouilleur"
		},
		"dynamite": {
			"textures": "textures/items/others/dynamite"
		},
		"energie": {
			"textures": "textures/items/others/energie"
		},
		"hand_glider": {
			"textures": "textures/items/others/hand_glider"
		},
		"plutonium_coal": {
			"textures": "textures/items/others/plutonium_coal"
		},
		"red_unclaim_finder": {
			"textures": "textures/items/others/red_unclaim_finder"
		},
		"skyring": {
			"textures": "textures/items/others/skyring"
		},
		"xp_collector": {
			"textures": "textures/items/others/xp_collector"
		},
		"golem_gem": {
			"textures": "textures/items/others/golem_gem"
		},
		"farmer_bottle": {
			"textures": "textures/items/jobs/farmer_bottle"
		},
		"miner_bottle": {
			"textures": "textures/items/jobs/miner_bottle"
		},
		"warrior_bottle": {
			"textures": "textures/items/jobs/warrior_bottle"
		},
		"lumberjack_bottle": {
			"textures": "textures/items/jobs/lumberjack_bottle"
		},
		"parchment": {
			"textures": "textures/items/others/parchment"
		},
		"ball": {
			"textures": "textures/items/others/ball"
		},
		"bat_shuriken": {
			"textures": "textures/items/halloween/bat_shuriken"
		},
		"orange_balloon": {
			"textures": "textures/items/halloween/balloons/orange_balloon"
		},
		"gray_balloon": {
			"textures": "textures/items/halloween/balloons/gray_balloon"
		},
		"brown_balloon": {
			"textures": "textures/items/halloween/balloons/brown_balloon"
		},
		"red_balloon": {
			"textures": "textures/items/halloween/balloons/red_balloon"
		},
		"black_balloon": {
			"textures": "textures/items/halloween/balloons/black_balloon"
		},
		"halloween_candy": {
			"textures": "textures/items/halloween/halloween_candy"
		},
		"jason_mask": {
			"textures": "textures/items/halloween/jason_mask"
		},
		"saw": {
			"textures": "textures/items/halloween/saw"
		},
		"invisibility_cloak": {
			"textures": "textures/items/halloween/invisibility_cloak"
		},
		"witch_hat": {
			"textures": "textures/items/halloween/witch_hat"
		},
		"lightning_stick": {
			"textures": "textures/items/halloween/lightning_stick"
		},
		"brain": {
			"textures": "textures/items/halloween/brain"
		},
		"halloween_potion": {
			"textures": "textures/items/halloween/halloween_potion"
		},
		"corrupted_heart": {
			"textures": "textures/items/halloween/corrupted_heart"
		},
		"blue_jersey": {
			"textures": "textures/items/armors/foot/blue/blue_jersey"
		},
		"blue_jersey1": {
			"textures": "textures/items/armors/foot/blue/blue_jersey1"
		},
		"blue_jersey2": {
			"textures": "textures/items/armors/foot/blue/blue_jersey2"
		},
		"blue_jersey3": {
			"textures": "textures/items/armors/foot/blue/blue_jersey3"
		},
		"blue_jersey4": {
			"textures": "textures/items/armors/foot/blue/blue_jersey4"
		},
		"blue_jersey5": {
			"textures": "textures/items/armors/foot/blue/blue_jersey5"
		},
		"blue_jersey6": {
			"textures": "textures/items/armors/foot/blue/blue_jersey6"
		},
		"blue_jersey7": {
			"textures": "textures/items/armors/foot/blue/blue_jersey7"
		},
		"blue_jersey8": {
			"textures": "textures/items/armors/foot/blue/blue_jersey8"
		},
		"blue_jersey9": {
			"textures": "textures/items/armors/foot/blue/blue_jersey9"
		},
		"blue_jersey10": {
			"textures": "textures/items/armors/foot/blue/blue_jersey10"
		},
		"blue_jersey11": {
			"textures": "textures/items/armors/foot/blue/blue_jersey11"
		},
		"blue_jersey_captain": {
			"textures": "textures/items/armors/foot/blue/blue_jersey"
		},
		"red_jersey": {
			"textures": "textures/items/armors/foot/red/red_jersey"
		},
		"red_jersey1": {
			"textures": "textures/items/armors/foot/red/red_jersey1"
		},
		"red_jersey2": {
			"textures": "textures/items/armors/foot/red/red_jersey2"
		},
		"red_jersey3": {
			"textures": "textures/items/armors/foot/red/red_jersey3"
		},
		"red_jersey4": {
			"textures": "textures/items/armors/foot/red/red_jersey4"
		},
		"red_jersey5": {
			"textures": "textures/items/armors/foot/red/red_jersey5"
		},
		"red_jersey6": {
			"textures": "textures/items/armors/foot/red/red_jersey6"
		},
		"red_jersey7": {
			"textures": "textures/items/armors/foot/red/red_jersey7"
		},
		"red_jersey8": {
			"textures": "textures/items/armors/foot/red/red_jersey8"
		},
		"red_jersey9": {
			"textures": "textures/items/armors/foot/red/red_jersey9"
		},
		"red_jersey10": {
			"textures": "textures/items/armors/foot/red/red_jersey10"
		},
		"red_jersey11": {
			"textures": "textures/items/armors/foot/red/red_jersey11"
		},
		"red_jersey_captain": {
			"textures": "textures/items/armors/foot/red/red_jersey"
		},
		"christmas_cap": {
			"textures": "textures/items/armors/christmas/christmas_cap"
		},
		"christmas_coat": {
			"textures": "textures/items/armors/christmas/christmas_coat"
		},
		"christmas_trousers": {
			"textures": "textures/items/armors/christmas/christmas_trousers"
		},
		"christmas_boots": {
			"textures": "textures/items/armors/christmas/christmas_boots"
		},
		"christmas_tree": {
			"textures": "textures/items/christmas/christmas_tree"
		},
		"christmas_ball": {
			"textures": "textures/items/christmas/christmas_ball"
		},
		"fighting_stick": {
			"textures": "textures/items/christmas/fighting_stick"
		},
		"infinity_snowball": {
			"textures": "textures/items/christmas/infinity_snowball"
		},
		"christmas_star": {
			"textures": "textures/items/christmas/christmas_star"
		},
		"magic_sandals": {
			"textures": "textures/items/christmas/sandals"
		}
	}
}