{
	"resource_pack_name": "PlutoniumRPV4",
	"texture_name": "atlas.items",
	"texture_data": {
		"unknown": {
			"textures": "textures/items/unknown"
		},
		"feed_stick": {
			"textures": "textures/items/feed_stick"
		},
		"billet": {
			"textures": "textures/items/billet"
		},
		"opalite_ingot": {
			"textures": "textures/items/opalite_ingot"
		},
		"clean_stick": {
			"textures": "textures/items/clean_stick"
		},
		"clesucre_key": {
			"textures": "textures/items/clesucre_key"
		},
		"common_key": {
			"textures": "textures/items/common_key"
		},
		"hand_glider": {
			"textures": "textures/items/hand_glider"
		},
		"opalite_axe": {
			"textures": "textures/items/opalite_axe"
		},
		"opalite_hoe": {
			"textures": "textures/items/opalite_hoe"
		},
		"opalite_key": {
			"textures": "textures/items/opalite_key"
		},
		"opalite_seed": {
			"textures": "textures/items/opalite_seed"
		},
		"opalite_sword": {
			"textures": "textures/items/opalite_sword"
		},
		"opalite_hammer": {
			"textures": "textures/items/opalite_hammer"
		},
		"plutonium_fragment": {
			"textures": "textures/items/plutonium_fragment"
		},
		"plutonium_ingot": {
			"textures": "textures/items/plutonium_ingot"
		},
		"plutonium_key": {
			"textures": "textures/items/plutonium_key"
		},
		"plutonium_dust": {
			"textures": "textures/items/plutonium_dust"
		},
		"plutonium_seed": {
			"textures": "textures/items/plutonium_seed"
		},
		"plutonium_sword": {
			"textures": "textures/items/plutonium_sword"
		},
		"plutonium_hammer": {
			"textures": "textures/items/plutonium_hammer"
		},
		"skyring": {
			"textures": "textures/items/skyring"
		},
		"blue_unclaim_finder": {
			"textures": "textures/items/blue_unclaim_finder"
		},
		"red_unclaim_finder": {
			"textures": "textures/items/red_unclaim_finder"
		},
		"vote_key": {
			"textures": "textures/items/vote_key"
		},
		"zephir": {
			"textures": "textures/items/zephir"
		},
		"speed_stick": {
			"textures": "textures/items/speed_stick"
		},
		"heal_stick": {
			"textures": "textures/items/heal_stick"
		},
		"dynamite": {
			"textures": "textures/items/dynamite"
		},
		"seed_planter": {
			"textures": "textures/items/seed_planter"
		},
		"replanter": {
			"textures": "textures/items/replanter"
		},
		"opalite_apple": {
			"textures": "textures/items/opalite_apple"
		},
		"xp_collector": {
			"textures": "textures/items/xp_collector"
		},
		"energie": {
			"textures": "textures/items/energie"
		},
		"opalite_pickaxe": {
			"textures": "textures/items/opalite_pickaxe"
		},
		"opalite_shovel": {
			"textures": "textures/items/opalite_shovel"
		},
		"plutonium_shovel": {
			"textures": "textures/items/plutonium_shovel"
		},
		"plutonium_pickaxe": {
			"textures": "textures/items/plutonium_pickaxe"
		},
		"plutonium_hoe": {
			"textures": "textures/items/plutonium_hoe"
		},
		"plutonium_axe": {
			"textures": "textures/items/plutonium_axe"
		},
		"hood_helmet": {
			"textures": "textures/items/hood_helmet"
		},
		"scuba_helmet": {
			"textures": "textures/items/scuba_helmet"
		},
		"opalite_helmet": {
			"textures": "textures/items/opalite_helmet"
		},
		"opalite_chestplate": {
			"textures": "textures/items/opalite_chestplate"
		},
		"opalite_leggings": {
			"textures": "textures/items/opalite_leggings"
		},
		"opalite_boots": {
			"textures": "textures/items/opalite_boots"
		},
		"plutonium_helmet": {
			"textures": "textures/items/plutonium_helmet"
		},
		"plutonium_chestplate": {
			"textures": "textures/items/plutonium_chestplate"
		},
		"plutonium_leggings": {
			"textures": "textures/items/plutonium_leggings"
		},
		"plutonium_boots": {
			"textures": "textures/items/plutonium_boots"
		},
		"farm_helmet": {
			"textures": "textures/items/farm_helmet"
		},
		"farm_chestplate": {
			"textures": "textures/items/farm_chestplate"
		},
		"farm_leggings": {
			"textures": "textures/items/farm_leggings"
		},
		"farm_boots": {
			"textures": "textures/items/farm_boots"
		},
		"plutonium_coal": {
			"textures": "textures/items/plutonium_coal"
		},
		"opalite_bow": {
			"textures": "textures/items/opalite_bow"
		},
		"plutonium_bow": {
			"textures": "textures/items/plutonium_bow"
		},
		"royal_sceptre": {
			"textures": "textures/items/royal_sceptre"
		},
		"obsi_breaker": {
			"textures": "textures/items/obsi_breaker"
		},
		"farm_spade": {
			"textures": "textures/items/farm_spade"
		},
		"brouilleur": {
			"textures": "textures/items/brouilleur"
		},
		"industrial_potato": {
			"textures": "textures/items/industrial_potato"
		},
		"industrial_carrot": {
			"textures": "textures/items/industrial_carrot"
		},
		"industrial_wheat": {
			"textures": "textures/items/industrial_wheat"
		}
	}
}