{
	"resource_pack_name": "PlutoniumRPV4",
	"texture_name": "atlas.terrain",
	"padding": 8,
	"num_mip_levels": 4,
	"texture_data": {
		"fire_0": {
			"textures": "textures/blocks/fire_0"
		},
		"fire_1": {
			"textures": "textures/blocks/fire_1"
		},

		"opalite_block": {
			"textures": "textures/blocks/opalite_block"
		},
		"plutonium_block": {
			"textures": "textures/blocks/plutonium_block"
		},
		"zephir_block": {
			"textures": "textures/blocks/zephir_block"
		},
		"opalite_ore": {
			"textures": "textures/blocks/opalite_ore"
		},
		"random_ore": {
			"textures": "textures/blocks/random_ore"
		},
		"zephir_ore": {
			"textures": "textures/blocks/zephir_ore"
		},
		"lucky_block": {
			"textures": "textures/blocks/lucky_block"
		},
		"elevator": {
			"textures": "textures/blocks/elevator"
		},
		"block_effect": {
			"textures": "textures/blocks/block_effect"
		},
		"wooden_drawer": {
			"textures": "textures/blocks/drawers/wooden_drawer"
		},
		"stone_drawer": {
			"textures": "textures/blocks/drawers/stone_drawer"
		},
		"iron_drawer": {
			"textures": "textures/blocks/drawers/iron_drawer"
		},
		"diamond_drawer": {
			"textures": "textures/blocks/drawers/diamond_drawer"
		},
		"opalite_drawer": {
			"textures": "textures/blocks/drawers/opalite_drawer"
		},
		"plutonium_drawer": {
			"textures": "textures/blocks/drawers/plutonium_drawer"
		},
		"cave_block": {
			"textures": "textures/blocks/cave_block"
		},
		"upgraded_obsidian": {
			"textures": "textures/blocks/upgraded_obsidian"
		},

		"tnt_lvl2_side": {
			"textures": "textures/blocks/tnt/tnt_lvl2_side"
		},
		"tnt_lvl2_bottom": {
			"textures": "textures/blocks/tnt/tnt_lvl2_bottom"
		},
		"tnt_lvl2_top": {
			"textures": "textures/blocks/tnt/tnt_lvl2_top"
		},
		"tnt_lvl3_side": {
			"textures": "textures/blocks/tnt/tnt_lvl3_side"
		},
		"tnt_lvl3_bottom": {
			"textures": "textures/blocks/tnt/tnt_lvl3_bottom"
		},
		"tnt_lvl3_top": {
			"textures": "textures/blocks/tnt/tnt_lvl3_top"
		},
		"tnt_lvl4_side": {
			"textures": "textures/blocks/tnt/tnt_lvl4_side"
		},
		"tnt_lvl4_bottom": {
			"textures": "textures/blocks/tnt/tnt_lvl4_bottom"
		},
		"tnt_lvl4_top": {
			"textures": "textures/blocks/tnt/tnt_lvl4_top"
		},
		"tnt_lvl5_side": {
			"textures": "textures/blocks/tnt/tnt_lvl5_side"
		},
		"tnt_lvl5_bottom": {
			"textures": "textures/blocks/tnt/tnt_lvl5_bottom"
		},
		"tnt_lvl5_top": {
			"textures": "textures/blocks/tnt/tnt_lvl5_top"
		},
		"tnt_lvl6_side": {
			"textures": "textures/blocks/tnt/tnt_lvl6_side"
		},
		"tnt_lvl6_bottom": {
			"textures": "textures/blocks/tnt/tnt_lvl6_bottom"
		},
		"tnt_lvl6_top": {
			"textures": "textures/blocks/tnt/tnt_lvl6_top"
		},
		"tnt_lvl7_side": {
			"textures": "textures/blocks/tnt/tnt_lvl7_side"
		},
		"tnt_lvl7_bottom": {
			"textures": "textures/blocks/tnt/tnt_lvl7_bottom"
		},
		"tnt_lvl7_top": {
			"textures": "textures/blocks/tnt/tnt_lvl7_top"
		},
		"tnt_lvl8_side": {
			"textures": "textures/blocks/tnt/tnt_lvl8_side"
		},
		"tnt_lvl8_bottom": {
			"textures": "textures/blocks/tnt/tnt_lvl8_bottom"
		},
		"tnt_lvl8_top": {
			"textures": "textures/blocks/tnt/tnt_lvl8_top"
		},
		"tnt_lvl9_side": {
			"textures": "textures/blocks/tnt/tnt_lvl9_side"
		},
		"tnt_lvl9_bottom": {
			"textures": "textures/blocks/tnt/tnt_lvl9_bottom"
		},
		"tnt_lvl9_top": {
			"textures": "textures/blocks/tnt/tnt_lvl9_top"
		},


		"decrafteur": {
			"textures": "textures/blocks/decrafteur"
		},



		"opalite_plant" : {
			"textures" : [
				"textures/blocks/opalite_plant_0",
				"textures/blocks/opalite_plant_1",
				"textures/blocks/opalite_plant_2",
				"textures/blocks/opalite_plant_3"
			]
		},

		"plutonium_furnace" : {
			"textures" : [
				"textures/blocks/furnaces/plutonium_furnace_front_off",
				"textures/blocks/furnaces/plutonium_furnace_front_on",
				"textures/blocks/furnaces/plutonium_furnace_side",
				"textures/blocks/furnaces/plutonium_furnace_top"
			]
		},
		"plutonium_furnace_front" : {
			"textures" : [
				"textures/blocks/furnaces/plutonium_furnace_front_off",
				"textures/blocks/furnaces/plutonium_furnace_front_on"
			]
		},
		"plutonium_furnace_front_off" : {
			"textures" : "textures/blocks/furnaces/plutonium_furnace_front_off"
		},
		"plutonium_furnace_front_on" : {
			"textures" : "textures/blocks/furnaces/opalite_furnace_front_on"
		},
		"plutonium_furnace_side" : {
			"textures" : [ "textures/blocks/furnaces/plutonium_furnace_side", "textures/blocks/furnaces/plutonium_furnace_side" ]
		},
		"plutonium_furnace_top" : {
			"textures" : [ "textures/blocks/furnaces/plutonium_furnace_top", "textures/blocks/furnaces/plutonium_furnace_top" ]
		},

		"opalite_furnace" : {
			"textures" : [
				"textures/blocks/furnaces/furnace_front_off",
				"textures/blocks/furnaces/furnace_front_on",
				"textures/blocks/furnaces/furnace_side",
				"textures/blocks/furnaces/furnace_top"
			]
		},
		"opalite_furnace_front" : {
			"textures" : [
				"textures/blocks/furnaces/opalite_furnace_front_off",
				"textures/blocks/furnaces/opalite_furnace_front_on"
			]
		},
		"opalite_furnace_front_off" : {
			"textures" : "textures/blocks/furnaces/opalite_furnace_front_off"
		},
		"opalite_furnace_front_on" : {
			"textures" : "textures/blocks/furnaces/opalite_furnace_front_on"
		},
		"opalite_furnace_side" : {
			"textures" : [ "textures/blocks/furnaces/opalite_furnace_side", "textures/blocks/furnaces/opalite_furnace_side" ]
		},
		"opalite_furnace_top" : {
			"textures" : [ "textures/blocks/furnaces/opalite_furnace_top", "textures/blocks/furnaces/opalite_furnace_top" ]
		}
	}
}